{"tor":[{"name": "Lens: Canon EFS 55-250mm f/4-5.6 IS STM", "has_image": false, "url": "http://toronto.craigslist.org/tor/pho/5945826735.html", "has_map": true, "price": "$150", "geotag": [43.661662999999997, -79.425529999999995], "where": "Bloor & Ossington", "id": "5945826735", "datetime": "2017-01-04 19:16"},
{"name": "NEW/BNIB Christian Louboutin BIANCA 140 Pony Leopard Pump", "has_image": true, "url": "http://toronto.craigslist.org/tor/clo/5945600818.html", "has_map": true, "price": "$750", "geotag": [43.682713, -79.515696000000005], "where": "Scarlett Rd", "id": "5945600818", "datetime": "2017-01-04 19:16"},
{"name": "Apple TV 1st Generation 40GB A1218 Perfect Working Condition CLEAN!", "has_image": true, "url": "http://toronto.craigslist.org/tor/ele/5945815757.html", "has_map": true, "price": "$90", "geotag": null, "where": "GTA", "id": "5945815757", "datetime": "2017-01-04 19:16"},
{"name": "Bombay Company Half Moon Sofa Table - Marble Top Varese Marble", "has_image": true, "url": "http://toronto.craigslist.org/tor/fuo/5945812793.html", "has_map": true, "price": "$650", "geotag": [43.789239999999999, -79.331772999999998], "where": "North York", "id": "5945812793", "datetime": "2017-01-04 19:15"}