{"tor":[{"name": "Sleep monitor", "has_image": true, "url": "http://toronto.craigslist.org/tor/hab/5945774655.html", "has_map": true, "price": "$1", "geotag": [43.651713999999998, -79.375820000000004], "where": null, "id": "5945774655", "datetime": "2017-01-04 18:35"},
{"name": "Sony Playstaion 2 and Games", "has_image": true, "url": "http://toronto.craigslist.org/tor/ele/5945746278.html", "has_map": true, "price": "$100", "geotag": [43.776682000000001, -79.301606000000007], "where": "Scarborough", "id": "5945746278", "datetime": "2017-01-04 18:34"},
{"name": "Hanimex 135mm f3.5 M42 Screw Mount Lens", "has_image": true, "url": "http://toronto.craigslist.org/tor/phd/5945773815.html", "has_map": true, "price": "$45", "geotag": [43.711136000000003, -79.399118999999999], "where": "Yonge and Eglinton", "id": "5945773815", "datetime": "2017-01-04 18:34"},
{"name": "1984 ANALOG BOSS PH-2 SUPER PHASER MIJ", "has_image": true, "url": "http://toronto.craigslist.org/tor/msg/5945758906.html", "has_map": true, "price": "$100", "geotag": null, "where": "Toronto", "id": "5945758906", "datetime": "2017-01-04 18:34"}