{"tor":[{"name": "Lens: Canon EFS 55-250mm f/4-5.6 IS STM", "has_image": false, "url": "http://toronto.craigslist.org/tor/pho/5945826735.html", "has_map": true, "price": "$150", "geotag": [43.661662999999997, -79.425529999999995], "where": "Bloor & Ossington", "id": "5945826735", "datetime": "2017-01-04 19:16"},
{"name": "NEW/BNIB Christian Louboutin BIANCA 140 Pony Leopard Pump", "has_image": true, "url": "http://toronto.craigslist.org/tor/clo/5945600818.html", "has_map": true, "price": "$750", "geotag": [43.682713, -79.515696000000005], "where": "Scarlett Rd", "id": "5945600818", "datetime": "2017-01-04 19:16"},
{"name": "Apple TV 1st Generation 40GB A1218 Perfect Working Condition CLEAN!", "has_image": true, "url": "http://toronto.craigslist.org/tor/ele/5945815757.html", "has_map": true, "price": "$90", "geotag": null, "where": "GTA", "id": "5945815757", "datetime": "2017-01-04 19:16"},
{"name": "Bombay Company Half Moon Sofa Table - Marble Top Varese Marble", "has_image": true, "url": "http://toronto.craigslist.org/tor/fuo/5945812793.html", "has_map": true, "price": "$650", "geotag": [43.789239999999999, -79.331772999999998], "where": "North York", "id": "5945812793", "datetime": "2017-01-04 19:15"},
{"name": "WANTED: Whirlwind Red Box (Dyna Comp) Compressor", "has_image": true, "url": "http://toronto.craigslist.org/tor/msg/5924341260.html", "has_map": true, "price": "$1", "geotag": [43.644252999999999, -79.528133999999994], "where": "Toronto", "id": "5924341260", "datetime": "2017-01-04 19:15"},
{"name": "50 HIP-HOP/RAP VINYL RECORDS!!!", "has_image": true, "url": "http://toronto.craigslist.org/tor/emq/5945765118.html", "has_map": true, "price": "$4", "geotag": [43.726109999999998, -79.340199999999996], "where": null, "id": "5945765118", "datetime": "2017-01-04 19:14"},
{"name": "Pokemon Cards & Magic Cards", "has_image": true, "url": "http://toronto.craigslist.org/tor/tag/5918392304.html", "has_map": true, "price": "$15", "geotag": null, "where": "Bathurst & Fort York", "id": "5918392304", "datetime": "2017-01-04 19:14"},
{"name": "Diabetes Test Strips, Meter and microlancets - $30 (Scarborough)", "has_image": true, "url": "http://toronto.craigslist.org/tor/hab/5945800402.html", "has_map": true, "price": "$30", "geotag": [43.776682000000001, -79.301606000000007], "where": "Scarborough", "id": "5945800402", "datetime": "2017-01-04 19:13"},
{"name": "Breitling Watches", "has_image": true, "url": "http://toronto.craigslist.org/tor/jwl/5945823095.html", "has_map": true, "price": "$200", "geotag": [43.588985999999998, -79.643225000000001], "where": null, "id": "5945823095", "datetime": "2017-01-04 19:13"},
{"name": "Motorola - Sb6120 Surfboard Docsis 3.0 Modem", "has_image": true, "url": "http://toronto.craigslist.org/tor/sys/5945822353.html", "has_map": true, "price": "$40", "geotag": null, "where": "GTA", "id": "5945822353", "datetime": "2017-01-04 19:12"},
{"name": "Bombay Company - Round Accent Table", "has_image": true, "url": "http://toronto.craigslist.org/tor/fuo/5945822329.html", "has_map": true, "price": "$250", "geotag": [43.789239999999999, -79.331772999999998], "where": "north york", "id": "5945822329", "datetime": "2017-01-04 19:12"},
{"name": "Brand New - Vision II Variable Voltage Electronic Cigarette Battery", "has_image": true, "url": "http://toronto.craigslist.org/tor/hab/5945788616.html", "has_map": true, "price": "$30", "geotag": null, "where": "Scarborough", "id": "5945788616", "datetime": "2017-01-04 19:12"},
{"name": "Leather Bar Stool (1)", "has_image": true, "url": "http://toronto.craigslist.org/tor/fuo/5945822026.html", "has_map": true, "price": "$30", "geotag": [43.652399000000003, -79.433329000000001], "where": "Toronto", "id": "5945822026", "datetime": "2017-01-04 19:12"},
{"name": "Bombay Company Curio Night Table / Dresser Cabinet (buy 1 or 2)", "has_image": true, "url": "http://toronto.craigslist.org/tor/fuo/5945821029.html", "has_map": true, "price": "$500", "geotag": [43.789239999999999, -79.331772999999998], "where": "North York", "id": "5945821029", "datetime": "2017-01-04 19:11"},
{"name": "Matching Boutique Couches & Ottoman (matching set)", "has_image": true, "url": "http://toronto.craigslist.org/tor/fuo/5945820817.html", "has_map": true, "price": "$350", "geotag": [43.603529999999999, -79.493093999999999], "where": null, "id": "5945820817", "datetime": "2017-01-04 19:11"},
{"name": "Light fixtures", "has_image": true, "url": "http://toronto.craigslist.org/tor/hsh/5945820247.html", "has_map": true, "price": "$10", "geotag": [43.652399000000003, -79.433329000000001], "where": "Toronto", "id": "5945820247", "datetime": "2017-01-04 19:11"},
{"name": "SNES Super Nintendo Console Set with box and manuals!", "has_image": true, "url": "http://toronto.craigslist.org/tor/vgm/5942370734.html", "has_map": true, "price": "$200", "geotag": [43.644252999999999, -79.528133999999994], "where": "Etobicoke", "id": "5942370734", "datetime": "2017-01-04 19:10"},
{"name": "Samsung BD-J5100/ZC Blu-ray Disk Player", "has_image": true, "url": "http://toronto.craigslist.org/tor/ele/5945792729.html", "has_map": true, "price": "$50", "geotag": [43.776682000000001, -79.301606000000007], "where": null, "id": "5945792729", "datetime": "2017-01-04 19:09"},
{"name": "Hamilton Beach 56222C Smoothie Start Blender", "has_image": true, "url": "http://toronto.craigslist.org/tor/app/5945791454.html", "has_map": true, "price": "$80", "geotag": [43.776682000000001, -79.301606000000007], "where": "Scarborough", "id": "5945791454", "datetime": "2017-01-04 19:09"},
{"name": "4 Hercules Avalanche Winter Tires 225/45/R17", "has_image": false, "url": "http://toronto.craigslist.org/tor/wto/5945818631.html", "has_map": true, "price": "$440", "geotag": [43.719256999999999, -79.470291000000003], "where": "Dufferin/401", "id": "5945818631", "datetime": "2017-01-04 19:09"},
{"name": "2 Cherry Wood Finish Corner Cut Crystal Display Cabinets", "has_image": true, "url": "http://toronto.craigslist.org/tor/fuo/5945818528.html", "has_map": true, "price": "$550", "geotag": [43.789239999999999, -79.331772999999998], "where": "North York", "id": "5945818528", "datetime": "2017-01-04 19:09"},
{"name": "Solid wood unique table with storage and letters holder", "has_image": true, "url": "http://toronto.craigslist.org/tor/fuo/5945818346.html", "has_map": true, "price": "$50", "geotag": [43.652399000000003, -79.433329000000001], "where": "Toronto", "id": "5945818346", "datetime": "2017-01-04 19:09"},
{"name": "Little Tikes Super Chef Kitchen (missing 2 legs)", "has_image": true, "url": "http://toronto.craigslist.org/tor/bab/5942385270.html", "has_map": true, "price": "$25", "geotag": [43.644252999999999, -79.528133999999994], "where": "Etobicoke", "id": "5942385270", "datetime": "2017-01-04 19:09"},
{"name": "Seymour Duncan Distortion Trembucker (model TB-6) Bridge Pickup", "has_image": true, "url": "http://toronto.craigslist.org/tor/msg/5942401435.html", "has_map": true, "price": "$60", "geotag": [43.644252999999999, -79.528133999999994], "where": "Etobicoke", "id": "5942401435", "datetime": "2017-01-04 19:07"},
{"name": "Winnwell Pro 150 Short Cuff Hockey Gloves", "has_image": true, "url": "http://toronto.craigslist.org/tor/spo/5945816170.html", "has_map": true, "price": "$85", "geotag": null, "where": "GTA", "id": "5945816170", "datetime": "2017-01-04 19:07"},
{"name": "Nike Women's LunarElement Shoes Size 9.0", "has_image": true, "url": "http://toronto.craigslist.org/tor/spo/5945815339.html", "has_map": true, "price": "$45", "geotag": null, "where": "GTA", "id": "5945815339", "datetime": "2017-01-04 19:06"},
{"name": "orYANY Winter White Leather Satchel Bag (Like New)", "has_image": true, "url": "http://toronto.craigslist.org/tor/clo/5945791321.html", "has_map": true, "price": "$50", "geotag": [43.789239999999999, -79.331772999999998], "where": "north york", "id": "5945791321", "datetime": "2017-01-04 19:06"},
{"name": "Rare Connonssieur BD2 Turntable", "has_image": true, "url": "http://toronto.craigslist.org/tor/ele/5945815181.html", "has_map": true, "price": "$350", "geotag": [43.555518999999997, -79.743236999999993], "where": "Mississauga", "id": "5945815181", "datetime": "2017-01-04 19:06"},
{"name": "Epiphone Les Paul Custom Korean Made -- Antique Ivory", "has_image": true, "url": "http://toronto.craigslist.org/tor/msg/5945814782.html", "has_map": true, "price": "$550", "geotag": [43.650607000000001, -79.426203000000001], "where": null, "id": "5945814782", "datetime": "2017-01-04 19:06"},
{"name": "Line 6 Spider 15", "has_image": true, "url": "http://toronto.craigslist.org/tor/msg/5945806479.html", "has_map": true, "price": "$125", "geotag": [43.658617, -79.434826999999999], "where": null, "id": "5945806479", "datetime": "2017-01-04 19:05"},
{"name": "1970's Norman B20-12", "has_image": true, "url": "http://toronto.craigslist.org/tor/msg/5945812460.html", "has_map": true, "price": "$425", "geotag": [43.667451999999997, -79.416047000000006], "where": null, "id": "5945812460", "datetime": "2017-01-04 19:04"},
{"name": "Eco-Friendly TPE Yoga/Work out Mat", "has_image": true, "url": "http://toronto.craigslist.org/tor/mob/5930312239.html", "has_map": true, "price": "$32", "geotag": [43.685687000000001, -79.321579], "where": null, "id": "5930312239", "datetime": "2017-01-04 19:04"},
{"name": "Happy Birthday Wine Glass by DELISH Handpainted Stemware", "has_image": true, "url": "http://toronto.craigslist.org/tor/hsh/5945803797.html", "has_map": true, "price": "$20", "geotag": [43.789239999999999, -79.331772999999998], "where": "GTA", "id": "5945803797", "datetime": "2017-01-04 19:03"},
{"name": "Aputure Trigmaster Plus II 2.4g Flash Trigger", "has_image": true, "url": "http://toronto.craigslist.org/tor/phd/5945772876.html", "has_map": true, "price": "$65", "geotag": [43.711136000000003, -79.399118999999999], "where": "Yonge and Eglinton", "id": "5945772876", "datetime": "2017-01-04 19:03"},
{"name": "John Wayne VHS Movies Pack", "has_image": true, "url": "http://toronto.craigslist.org/tor/emd/5945797204.html", "has_map": true, "price": "$20", "geotag": [43.703414000000002, -79.254786999999993], "where": "Scarborough", "id": "5945797204", "datetime": "2017-01-04 19:02"},
{"name": "Yongnuo YN300 Auto Pro Video Light", "has_image": true, "url": "http://toronto.craigslist.org/tor/phd/5945774304.html", "has_map": true, "price": "$85", "geotag": [43.711136000000003, -79.399118999999999], "where": "Yonge and Eglinton", "id": "5945774304", "datetime": "2017-01-04 19:01"},
{"name": "********* KINGDOM COME HC COMIC **********", "has_image": true, "url": "http://toronto.craigslist.org/tor/bks/5945808168.html", "has_map": true, "price": "$100", "geotag": null, "where": "Toronto", "id": "5945808168", "datetime": "2017-01-04 19:01"},
{"name": "Floyd Trem Arm", "has_image": true, "url": "http://toronto.craigslist.org/tor/msg/5945807816.html", "has_map": true, "price": "$20", "geotag": [43.658617, -79.434826999999999], "where": null, "id": "5945807816", "datetime": "2017-01-04 19:00"},
{"name": "Picture frame with metal art", "has_image": true, "url": "http://toronto.craigslist.org/tor/art/5945806991.html", "has_map": true, "price": "$20", "geotag": [43.652399000000003, -79.433329000000001], "where": "Toronto", "id": "5945806991", "datetime": "2017-01-04 19:00"},
{"name": "Double Sears mattress / can deliver for $20", "has_image": true, "url": "http://toronto.craigslist.org/tor/fuo/5945806581.html", "has_map": true, "price": "$80", "geotag": [43.652399000000003, -79.433329000000001], "where": "Toronto", "id": "5945806581", "datetime": "2017-01-04 18:59"},
{"name": "Bell Vista Office Phone + Free Shipping", "has_image": true, "url": "http://toronto.craigslist.org/tor/ele/5908470614.html", "has_map": true, "price": "$75", "geotag": null, "where": null, "id": "5908470614", "datetime": "2017-01-04 18:59"},
{"name": "Ikea Single bed Size slatted base / slats", "has_image": true, "url": "http://toronto.craigslist.org/tor/fuo/5945806203.html", "has_map": true, "price": "$20", "geotag": [43.652399000000003, -79.433329000000001], "where": "Toronto", "id": "5945806203", "datetime": "2017-01-04 18:59"},
{"name": "Selling a pair of collectible Holly Hobbie Fine Pewter Figurines", "has_image": true, "url": "http://toronto.craigslist.org/tor/clt/5945806183.html", "has_map": true, "price": "$20", "geotag": [43.681021000000001, -79.357601000000003], "where": "Broadview/Danforth", "id": "5945806183", "datetime": "2017-01-04 18:59"},
{"name": "Dr Seuss Cat In The Hat Book + Free Shipping", "has_image": true, "url": "http://toronto.craigslist.org/tor/bks/5915486788.html", "has_map": true, "price": "$15", "geotag": null, "where": null, "id": "5915486788", "datetime": "2017-01-04 18:59"},
{"name": "3-D Watercolor Artwork of Gazebo Garden on Beach", "has_image": true, "url": "http://toronto.craigslist.org/tor/hsh/5945805574.html", "has_map": true, "price": "$200", "geotag": [43.789239999999999, -79.331772999999998], "where": "north york", "id": "5945805574", "datetime": "2017-01-04 18:59"},
{"name": "Antique Neo Renaissance Cabinet + Free Delivery", "has_image": true, "url": "http://toronto.craigslist.org/tor/fuo/5915488693.html", "has_map": true, "price": "$800", "geotag": null, "where": null, "id": "5915488693", "datetime": "2017-01-04 18:59"},
{"name": "brand new sectional for sale -", "has_image": true, "url": "http://toronto.craigslist.org/tor/fud/5908428047.html", "has_map": true, "price": "$499", "geotag": [43.662188999999998, -79.424738000000005], "where": "toronto", "id": "5908428047", "datetime": "2017-01-04 18:58"},
{"name": "Vintage Vanity Mirrors and Brush + Free Delivery", "has_image": true, "url": "http://toronto.craigslist.org/tor/atq/5922892285.html", "has_map": true, "price": "$35", "geotag": null, "where": null, "id": "5922892285", "datetime": "2017-01-04 18:58"},
{"name": "50 HARD/SOFT/PROGRESSIVE ROCK VINYL RECORDS!!!", "has_image": true, "url": "http://toronto.craigslist.org/tor/emq/5945766130.html", "has_map": true, "price": "$4", "geotag": [43.726109999999998, -79.340198999999998], "where": null, "id": "5945766130", "datetime": "2017-01-04 18:58"},
{"name": "Vintage coca cola piggy bank tin + Free shipping", "has_image": true, "url": "http://toronto.craigslist.org/tor/clt/5915492541.html", "has_map": true, "price": "$10", "geotag": null, "where": null, "id": "5915492541", "datetime": "2017-01-04 18:58"},
{"name": "******* Fabric Queen Bed Frame On SALE  ********", "has_image": true, "url": "http://toronto.craigslist.org/tor/fud/5930861454.html", "has_map": true, "price": "$279", "geotag": [43.662188999999998, -79.424738000000005], "where": "toronto", "id": "5930861454", "datetime": "2017-01-04 18:58"},
{"name": "Vintage collection of beer bottles + free delivery", "has_image": true, "url": "http://toronto.craigslist.org/tor/clt/5922898156.html", "has_map": true, "price": "$50", "geotag": null, "where": null, "id": "5922898156", "datetime": "2017-01-04 18:58"},
{"name": "Maroon Leather Accent Chair + free delivery", "has_image": true, "url": "http://toronto.craigslist.org/tor/fuo/5922900626.html", "has_map": true, "price": "$100", "geotag": null, "where": null, "id": "5922900626", "datetime": "2017-01-04 18:58"},
{"name": "Brand New Memory Foam Mattress on SALE \u2605 High Density Mattress", "has_image": true, "url": "http://toronto.craigslist.org/tor/fud/5937716863.html", "has_map": true, "price": "$199", "geotag": [43.662188999999998, -79.424738000000005], "where": "toronto", "id": "5937716863", "datetime": "2017-01-04 18:58"},
{"name": "Weber Genesis Natural Gas BBQ + Free Delivery", "has_image": true, "url": "http://toronto.craigslist.org/tor/for/5922907958.html", "has_map": true, "price": "$400", "geotag": null, "where": null, "id": "5922907958", "datetime": "2017-01-04 18:58"},
{"name": "Vintage Squirrel and Nut Salt and Pepper Shakers+ Free Delivery", "has_image": true, "url": "http://toronto.craigslist.org/tor/clt/5922895230.html", "has_map": true, "price": "$15", "geotag": null, "where": null, "id": "5922895230", "datetime": "2017-01-04 18:57"},
{"name": "**********smooth top mattress on sale********", "has_image": true, "url": "http://toronto.craigslist.org/tor/fud/5924398374.html", "has_map": true, "price": "$69", "geotag": [43.662188999999998, -79.424738000000005], "where": "TORONTO", "id": "5924398374", "datetime": "2017-01-04 18:57"},
{"name": "brand new sectional for sale -", "has_image": true, "url": "http://toronto.craigslist.org/tor/fud/5938833081.html", "has_map": true, "price": "$499", "geotag": [43.662188999999998, -79.424738000000005], "where": "toronto", "id": "5938833081", "datetime": "2017-01-04 18:57"},
{"name": "************STORAGE BED ON SALE WITH HEADBOARD*********ONLY FOR*******", "has_image": true, "url": "http://toronto.craigslist.org/tor/fud/5938775177.html", "has_map": true, "price": "$229", "geotag": [43.662188999999998, -79.424738000000005], "where": "toronto", "id": "5938775177", "datetime": "2017-01-04 18:57"},
{"name": "Durand Luminarc Tall Black Stem Champagne Flutes - 8 glasses", "has_image": true, "url": "http://toronto.craigslist.org/tor/hsh/5945802705.html", "has_map": true, "price": "$60", "geotag": [43.789239999999999, -79.331772999999998], "where": "North York", "id": "5945802705", "datetime": "2017-01-04 18:56"},
{"name": "FOSSIL WATCH NACRE BLACK DIAL", "has_image": true, "url": "http://toronto.craigslist.org/tor/jwl/5945802360.html", "has_map": true, "price": "$115", "geotag": [43.661278000000003, -79.381789999999995], "where": "DOWNTOWN", "id": "5945802360", "datetime": "2017-01-04 18:56"},
{"name": "Birks Engagement Ring Holder", "has_image": true, "url": "http://toronto.craigslist.org/tor/jwl/5945802353.html", "has_map": true, "price": "$70", "geotag": [43.696834000000003, -79.541372999999993], "where": "ETOBICOKE", "id": "5945802353", "datetime": "2017-01-04 18:56"},
{"name": "ZEDDY BEAR COLLECTABLE 12 STUFFED FROM CLOSED ZELLERS STORE", "has_image": true, "url": "http://toronto.craigslist.org/tor/clt/5945792242.html", "has_map": true, "price": "$20", "geotag": [43.776682000000001, -79.301606000000007], "where": "Scarborough", "id": "5945792242", "datetime": "2017-01-04 18:56"},
{"name": "Durand Luminarc Black Stem Cognac Sifter Glasses - NEW", "has_image": true, "url": "http://toronto.craigslist.org/tor/hsh/5945801575.html", "has_map": true, "price": "$45", "geotag": [43.789239999999999, -79.331772999999998], "where": "North York", "id": "5945801575", "datetime": "2017-01-04 18:55"},
{"name": "Foo Fighters Poster Limited Edition + Free shipping", "has_image": true, "url": "http://toronto.craigslist.org/tor/clt/5910192748.html", "has_map": true, "price": "$150", "geotag": null, "where": null, "id": "5910192748", "datetime": "2017-01-04 18:55"},
{"name": "Yew Wood Coffee Table + Free Delivery", "has_image": true, "url": "http://toronto.craigslist.org/tor/fuo/5910130039.html", "has_map": true, "price": "$150", "geotag": null, "where": null, "id": "5910130039", "datetime": "2017-01-04 18:55"},
{"name": "Hand Woven Inca Wall Tapestry Peruvian Art + Free Shipping", "has_image": true, "url": "http://toronto.craigslist.org/tor/hsh/5910127605.html", "has_map": true, "price": "$100", "geotag": null, "where": null, "id": "5910127605", "datetime": "2017-01-04 18:55"},
{"name": "Hubbell Floor Receptacle Boxes", "has_image": true, "url": "http://toronto.craigslist.org/tor/mat/5910124488.html", "has_map": true, "price": "$5", "geotag": null, "where": null, "id": "5910124488", "datetime": "2017-01-04 18:54"},
{"name": "Terminal Strips", "has_image": true, "url": "http://toronto.craigslist.org/tor/mat/5910122700.html", "has_map": true, "price": "$5", "geotag": null, "where": null, "id": "5910122700", "datetime": "2017-01-04 18:54"},
{"name": "Living room set (sofa, 2 arm chairs, 1 coffee table) + Free Delivery", "has_image": true, "url": "http://toronto.craigslist.org/tor/fuo/5910120939.html", "has_map": true, "price": "$1400", "geotag": null, "where": null, "id": "5910120939", "datetime": "2017-01-04 18:54"},
{"name": "Antique Spanish Birthing Chair + Free Delivery", "has_image": true, "url": "http://toronto.craigslist.org/tor/fuo/5910096738.html", "has_map": true, "price": "$100", "geotag": null, "where": null, "id": "5910096738", "datetime": "2017-01-04 18:54"},
{"name": "Puma Running Shoes and Purses  BRAND NEW!!", "has_image": true, "url": "http://toronto.craigslist.org/tor/clo/5945799509.html", "has_map": true, "price": "$10", "geotag": [43.703414000000002, -79.254786999999993], "where": "Scarborough", "id": "5945799509", "datetime": "2017-01-04 18:54"},
{"name": "Pair of Vintage Signs + Free Delivery", "has_image": true, "url": "http://toronto.craigslist.org/tor/clt/5918965090.html", "has_map": true, "price": "$100", "geotag": null, "where": null, "id": "5918965090", "datetime": "2017-01-04 18:54"},
{"name": "Vintage Industrial Floor Scale + Free Delivery", "has_image": true, "url": "http://toronto.craigslist.org/tor/atq/5915470527.html", "has_map": true, "price": "$400", "geotag": null, "where": null, "id": "5915470527", "datetime": "2017-01-04 18:53"},
{"name": "Vintage Triple Beam Balance + Free Shipping", "has_image": true, "url": "http://toronto.craigslist.org/tor/atq/5915472404.html", "has_map": true, "price": "$100", "geotag": null, "where": null, "id": "5915472404", "datetime": "2017-01-04 18:53"},
{"name": "Mistral 1000 Centrifuge + Free Delivery", "has_image": true, "url": "http://toronto.craigslist.org/tor/for/5915476507.html", "has_map": true, "price": "$500", "geotag": null, "where": null, "id": "5915476507", "datetime": "2017-01-04 18:53"},
{"name": "Vintage Doll + Free Delivery", "has_image": true, "url": "http://toronto.craigslist.org/tor/atq/5915480009.html", "has_map": true, "price": "$100", "geotag": null, "where": null, "id": "5915480009", "datetime": "2017-01-04 18:52"},
{"name": "Stetson Cowboy Hat + Free Shipping", "has_image": true, "url": "http://toronto.craigslist.org/tor/clo/5915482463.html", "has_map": true, "price": "$75", "geotag": null, "where": null, "id": "5915482463", "datetime": "2017-01-04 18:52"},
{"name": "Collection of 16 Vintage Clip On Bowties + Free Shipping", "has_image": true, "url": "http://toronto.craigslist.org/tor/clo/5915485198.html", "has_map": true, "price": "$50", "geotag": null, "where": null, "id": "5915485198", "datetime": "2017-01-04 18:52"},
{"name": "Black ZTE Z826 brand new - locked to Fido", "has_image": true, "url": "http://toronto.craigslist.org/tor/mob/5945733802.html", "has_map": true, "price": "$70", "geotag": [43.650579999999998, -79.369257000000005], "where": "king and young", "id": "5945733802", "datetime": "2017-01-04 18:52"},
{"name": "Antique Pine Rustic Barn Cabinet + Free Delivery", "has_image": true, "url": "http://toronto.craigslist.org/tor/fuo/5920257655.html", "has_map": true, "price": "$2000", "geotag": null, "where": null, "id": "5920257655", "datetime": "2017-01-04 18:52"},
{"name": "Antique Bench + Free Delivery", "has_image": true, "url": "http://toronto.craigslist.org/tor/atq/5923031094.html", "has_map": true, "price": "$50", "geotag": null, "where": null, "id": "5923031094", "datetime": "2017-01-04 18:52"},
{"name": "ASTAK Night Vision Wireless Cameras + Monitor + Free Delivery", "has_image": true, "url": "http://toronto.craigslist.org/tor/ele/5910131844.html", "has_map": true, "price": "$250", "geotag": null, "where": null, "id": "5910131844", "datetime": "2017-01-04 18:52"},
{"name": "Square D Bolt On Electrical Breaker", "has_image": true, "url": "http://toronto.craigslist.org/tor/mat/5910134129.html", "has_map": true, "price": "$40", "geotag": null, "where": null, "id": "5910134129", "datetime": "2017-01-04 18:52"},
{"name": "Red Glass Stemmed Vase with Gold Swirls", "has_image": true, "url": "http://toronto.craigslist.org/tor/hsh/5945796631.html", "has_map": true, "price": "$35", "geotag": [43.789239999999999, -79.331772999999998], "where": "North York", "id": "5945796631", "datetime": "2017-01-04 18:52"},
{"name": "QBH Commander Electrical Breaker", "has_image": true, "url": "http://toronto.craigslist.org/tor/mat/5910158980.html", "has_map": true, "price": "$10", "geotag": null, "where": null, "id": "5910158980", "datetime": "2017-01-04 18:51"},
{"name": "Vintage Japanese Slot Machine + Free Delivery", "has_image": true, "url": "http://toronto.craigslist.org/tor/clt/5910108594.html", "has_map": true, "price": "$200", "geotag": null, "where": null, "id": "5910108594", "datetime": "2017-01-04 18:51"},
{"name": "Vintage Lighter + Free Delivery", "has_image": true, "url": "http://toronto.craigslist.org/tor/clt/5923044271.html", "has_map": true, "price": "$10", "geotag": null, "where": null, "id": "5923044271", "datetime": "2017-01-04 18:51"},
{"name": "Nikon D3000 DSLR Camera + Free Shipping", "has_image": true, "url": "http://toronto.craigslist.org/tor/ele/5923047881.html", "has_map": true, "price": "$300", "geotag": null, "where": null, "id": "5923047881", "datetime": "2017-01-04 18:51"},
{"name": "Synthesizer Roland JV-80 Keyboard Synth", "has_image": false, "url": "http://toronto.craigslist.org/tor/msg/5945795672.html", "has_map": true, "price": "$600", "geotag": null, "where": "Parkdale", "id": "5945795672", "datetime": "2017-01-04 18:51"},
{"name": "3D Paper Sculpture (3) Art Paintings - Periwinkle Blue Theme", "has_image": true, "url": "http://toronto.craigslist.org/tor/hsh/5945795525.html", "has_map": true, "price": "$500", "geotag": [43.780099999999997, -79.347899999999996], "where": "North York", "id": "5945795525", "datetime": "2017-01-04 18:51"},
{"name": "Upper Body Exerciser + Free Delivery", "has_image": true, "url": "http://toronto.craigslist.org/tor/for/5923083618.html", "has_map": true, "price": "$400", "geotag": null, "where": null, "id": "5923083618", "datetime": "2017-01-04 18:51"},
{"name": "Winter Tires on Rims+ Free Delivery", "has_image": true, "url": "http://toronto.craigslist.org/tor/wto/5913044498.html", "has_map": true, "price": "$700", "geotag": null, "where": null, "id": "5913044498", "datetime": "2017-01-04 18:50"},
{"name": "Jason Kidd Alternate Grey NJ Nets Nike Jersey Size Large+2", "has_image": true, "url": "http://toronto.craigslist.org/tor/spo/5945795008.html", "has_map": true, "price": "$50", "geotag": [43.703414000000002, -79.254786999999993], "where": "Scarborough", "id": "5945795008", "datetime": "2017-01-04 18:50"},
{"name": "Vintage JVC Turntable + Free Delivery", "has_image": true, "url": "http://toronto.craigslist.org/tor/ele/5911341611.html", "has_map": true, "price": "$150", "geotag": null, "where": null, "id": "5911341611", "datetime": "2017-01-04 18:50"},
{"name": "Vintage Knight Bottle Spouts + Free Shipping", "has_image": true, "url": "http://toronto.craigslist.org/tor/clt/5928845784.html", "has_map": true, "price": "$30", "geotag": null, "where": null, "id": "5928845784", "datetime": "2017-01-04 18:50"},
{"name": "IKEA Trones Shoe Cabinet - Black (3)", "has_image": true, "url": "http://toronto.craigslist.org/tor/fuo/5945794504.html", "has_map": true, "price": "$40", "geotag": [43.655850999999998, -79.357927000000004], "where": null, "id": "5945794504", "datetime": "2017-01-04 18:50"},
{"name": "Harley Davidson Belt + Silver Belt Buckle + Free Shipping", "has_image": true, "url": "http://toronto.craigslist.org/tor/clo/5928829831.html", "has_map": true, "price": "$50", "geotag": null, "where": null, "id": "5928829831", "datetime": "2017-01-04 18:50"},
{"name": "Minolta Binoculars + Free Delivery", "has_image": true, "url": "http://toronto.craigslist.org/tor/for/5928820110.html", "has_map": true, "price": "$50", "geotag": null, "where": null, "id": "5928820110", "datetime": "2017-01-04 18:50"},
{"name": "Corduroy Lounge Chair + Free Delivery", "has_image": true, "url": "http://toronto.craigslist.org/tor/fuo/5921644625.html", "has_map": true, "price": "$50", "geotag": null, "where": null, "id": "5921644625", "datetime": "2017-01-04 18:49"},
{"name": "Minolta Binoculars + Free Delivery", "has_image": true, "url": "http://toronto.craigslist.org/tor/for/5928820110.html", "has_map": true, "price": "$50", "geotag": null, "where": null, "id": "5928820110", "datetime": "2017-01-04 18:50"},
{"name": "Corduroy Lounge Chair + Free Delivery", "has_image": true, "url": "http://toronto.craigslist.org/tor/fuo/5921644625.html", "has_map": true, "price": "$50", "geotag": null, "where": null, "id": "5921644625", "datetime": "2017-01-04 18:49"},
{"name": "Set of 6 Kitchen Chairs + Free Delivery", "has_image": true, "url": "http://toronto.craigslist.org/tor/fuo/5918920408.html", "has_map": true, "price": "$60", "geotag": null, "where": null, "id": "5918920408", "datetime": "2017-01-04 18:49"},
{"name": "(4) Deep Black Ceramic Square Chinese Soup / Rice Bowls", "has_image": true, "url": "http://toronto.craigslist.org/tor/hsh/5945793804.html", "has_map": true, "price": "$40", "geotag": [43.780099999999997, -79.347899999999996], "where": "North York", "id": "5945793804", "datetime": "2017-01-04 18:49"},
{"name": "Antique Oak Ice Box + Free Delivery", "has_image": true, "url": "http://toronto.craigslist.org/tor/atq/5918005693.html", "has_map": true, "price": "$400", "geotag": null, "where": null, "id": "5918005693", "datetime": "2017-01-04 18:49"},
{"name": "Pair of Vintage Shoe Trees + Free Delivery", "has_image": true, "url": "http://toronto.craigslist.org/tor/atq/5917986708.html", "has_map": true, "price": "$30", "geotag": null, "where": null, "id": "5917986708", "datetime": "2017-01-04 18:49"},
{"name": "Vintage NES Games + Free Shipping", "has_image": true, "url": "http://toronto.craigslist.org/tor/vgm/5917982404.html", "has_map": true, "price": "$30", "geotag": null, "where": null, "id": "5917982404", "datetime": "2017-01-04 18:49"},
{"name": "Alfred Hitchcock Birds Movie Cell + Free Shipping", "has_image": true, "url": "http://toronto.craigslist.org/tor/clt/5917978181.html", "has_map": true, "price": "$50", "geotag": null, "where": null, "id": "5917978181", "datetime": "2017-01-04 18:49"},
{"name": "Disney Lithograph Prints (Finding Nemo, Lion King & Brother Bear)", "has_image": true, "url": "http://toronto.craigslist.org/tor/clt/5945793211.html", "has_map": true, "price": "$100", "geotag": [43.703414000000002, -79.254786999999993], "where": "Scarborough", "id": "5945793211", "datetime": "2017-01-04 18:49"},
{"name": "LG Dishwasher + Free Delivery", "has_image": true, "url": "http://toronto.craigslist.org/tor/app/5941341254.html", "has_map": true, "price": "$50", "geotag": null, "where": null, "id": "5941341254", "datetime": "2017-01-04 18:49"},
{"name": "Industrial Style Under mount Sink + Free Delivery", "has_image": true, "url": "http://toronto.craigslist.org/tor/mat/5908401010.html", "has_map": true, "price": "$400", "geotag": null, "where": null, "id": "5908401010", "datetime": "2017-01-04 18:48"},
{"name": "Equestrian Training Gear + Free Delivery", "has_image": true, "url": "http://toronto.craigslist.org/tor/for/5908397729.html", "has_map": true, "price": "$100", "geotag": null, "where": null, "id": "5908397729", "datetime": "2017-01-04 18:48"},
{"name": "Metal & Fabric Patio Chairs - 2 for 1 Deal", "has_image": true, "url": "http://toronto.craigslist.org/tor/grd/5911830534.html", "has_map": true, "price": "$50", "geotag": [43.788888999999998, -79.331616999999994], "where": "North York", "id": "5911830534", "datetime": "2017-01-04 18:48"},
{"name": "Black Dining Set Table Chairs Hutch + Free Delivery", "has_image": true, "url": "http://toronto.craigslist.org/tor/fuo/5908377996.html", "has_map": true, "price": "$500", "geotag": null, "where": null, "id": "5908377996", "datetime": "2017-01-04 18:48"},
{"name": "Golden Metal Mesh Baskets - 5 Oval and 1 Square - New", "has_image": true, "url": "http://toronto.craigslist.org/tor/hsh/5911832568.html", "has_map": true, "price": "$5", "geotag": [43.788792000000001, -79.328928000000005], "where": "North York", "id": "5911832568", "datetime": "2017-01-04 18:48"},
{"name": "Mesh Netting Gift Wrapping Roll - New!", "has_image": true, "url": "http://toronto.craigslist.org/tor/for/5911832176.html", "has_map": true, "price": "$25", "geotag": [43.788916, -79.329958000000005], "where": "North York", "id": "5911832176", "datetime": "2017-01-04 18:48"},
{"name": "Volkswagen Winter Tires + Free Delivery", "has_image": true, "url": "http://toronto.craigslist.org/tor/wto/5907156146.html", "has_map": true, "price": "$200", "geotag": null, "where": null, "id": "5907156146", "datetime": "2017-01-04 18:48"},
{"name": "Outdoor Storage Cabinet + Free Delivery", "has_image": true, "url": "http://toronto.craigslist.org/tor/for/5908457260.html", "has_map": true, "price": "$60", "geotag": null, "where": null, "id": "5908457260", "datetime": "2017-01-04 18:48"},
{"name": "Vintage Seiko Glass & Brass Mantle Clock", "has_image": true, "url": "http://toronto.craigslist.org/tor/clt/5911828942.html", "has_map": true, "price": "$300", "geotag": [43.787139000000003, -79.329471999999996], "where": "GTA", "id": "5911828942", "datetime": "2017-01-04 18:48"},
{"name": "Frasco 5 Brass Beauty Mirror (Double Sided) Brand New with Tag", "has_image": true, "url": "http://toronto.craigslist.org/tor/hab/5911819571.html", "has_map": true, "price": "$80", "geotag": [43.788420000000002, -79.330129999999997], "where": "North York", "id": "5911819571", "datetime": "2017-01-04 18:48"},
{"name": "Lebert Equalizer Exercise bars + free delivery", "has_image": true, "url": "http://toronto.craigslist.org/tor/for/5907198400.html", "has_map": true, "price": "$80", "geotag": null, "where": null, "id": "5907198400", "datetime": "2017-01-04 18:48"},
{"name": "Set of end tables and coffee table + free delivery", "has_image": true, "url": "http://toronto.craigslist.org/tor/fuo/5907206829.html", "has_map": true, "price": "$100", "geotag": null, "where": null, "id": "5907206829", "datetime": "2017-01-04 18:48"},
{"name": "The Cando\u00ae Hand Exercise Webs - LATEX FREE - NEW & Sealed", "has_image": true, "url": "http://toronto.craigslist.org/tor/hab/5941659156.html", "has_map": true, "price": "$35", "geotag": [43.789239999999999, -79.331772999999998], "where": "north york", "id": "5941659156", "datetime": "2017-01-04 18:48"},
{"name": "Batteries and Chargers for Sony NEX - Fuji - Olympus - Panasonic", "has_image": true, "url": "http://toronto.craigslist.org/tor/phd/5945773352.html", "has_map": true, "price": "$1", "geotag": [43.711136000000003, -79.399118999999999], "where": "Yonge and Eglinton", "id": "5945773352", "datetime": "2017-01-04 18:48"},
{"name": "Vintage Flintstone Locker + Free Delivery", "has_image": true, "url": "http://toronto.craigslist.org/tor/tag/5907218247.html", "has_map": true, "price": "$50", "geotag": null, "where": null, "id": "5907218247", "datetime": "2017-01-04 18:47"},
{"name": "AVON Necklace Sets and Earrings - BRAND NEW in box", "has_image": true, "url": "http://toronto.craigslist.org/tor/jwl/5911798506.html", "has_map": true, "price": "$10", "geotag": [43.788693000000002, -79.332104000000001], "where": "north york", "id": "5911798506", "datetime": "2017-01-04 18:47"},
{"name": "MESA/Boogie Grid Slammer overdrive", "has_image": true, "url": "http://toronto.craigslist.org/tor/msg/5945791397.html", "has_map": true, "price": "$160", "geotag": null, "where": null, "id": "5945791397", "datetime": "2017-01-04 18:47"},
{"name": "3 Small Square Gold Frame Mirrors", "has_image": true, "url": "http://toronto.craigslist.org/tor/hsh/5911826400.html", "has_map": true, "price": "$50", "geotag": [43.789239999999999, -79.331772999999998], "where": "North York", "id": "5911826400", "datetime": "2017-01-04 18:47"},
{"name": "Green Storage Cabinet + Free Delivery", "has_image": true, "url": "http://toronto.craigslist.org/tor/fuo/5912885334.html", "has_map": true, "price": "$100", "geotag": null, "where": null, "id": "5912885334", "datetime": "2017-01-04 18:47"},
{"name": "Screen protector film Guard for Samsung Galaxy Ace II-X GT-S7560", "has_image": false, "url": "http://toronto.craigslist.org/tor/mob/5945747564.html", "has_map": true, "price": "$5", "geotag": [43.776682000000001, -79.301606000000007], "where": "Scarborough", "id": "5945747564", "datetime": "2017-01-04 18:47"},
{"name": "eliquid", "has_image": true, "url": "http://toronto.craigslist.org/tor/hab/5945777040.html", "has_map": true, "price": "$5", "geotag": [43.780793000000003, -79.298286000000004], "where": "Scarborough", "id": "5945777040", "datetime": "2017-01-04 18:47"},
{"name": "Vintage VHS Camera Prop + Free Shipping", "has_image": true, "url": "http://toronto.craigslist.org/tor/ele/5910228527.html", "has_map": true, "price": "$50", "geotag": null, "where": null, "id": "5910228527", "datetime": "2017-01-04 18:47"},
{"name": "Fifth Avenue - 27 Rings with Ring Boxes & 100 Ring Tray", "has_image": true, "url": "http://toronto.craigslist.org/tor/jwd/5911801414.html", "has_map": true, "price": "$1500", "geotag": [43.788668000000001, -79.329958000000005], "where": "north york", "id": "5911801414", "datetime": "2017-01-04 18:47"},
{"name": "The Freud-Klein Controversies 1941-45 (NEW)", "has_image": true, "url": "http://toronto.craigslist.org/tor/bks/5911822926.html", "has_map": true, "price": "$85", "geotag": [43.780099999999997, -79.347899999999996], "where": "North York", "id": "5911822926", "datetime": "2017-01-04 18:47"},
{"name": "Line 6 Backtrack", "has_image": true, "url": "http://toronto.craigslist.org/tor/msg/5945790957.html", "has_map": true, "price": "$20", "geotag": null, "where": "Toronto", "id": "5945790957", "datetime": "2017-01-04 18:47"},
{"name": "Black Leather Sofa + Free Delivery", "has_image": true, "url": "http://toronto.craigslist.org/tor/fuo/5910249779.html", "has_map": true, "price": "$200", "geotag": null, "where": null, "id": "5910249779", "datetime": "2017-01-04 18:47"},
{"name": "Horoscopes 2017 Sagittarius Book by J.Jameson - NEW", "has_image": true, "url": "http://toronto.craigslist.org/tor/bks/5936999066.html", "has_map": true, "price": "$15", "geotag": [43.789239999999999, -79.331772999999998], "where": "North York", "id": "5936999066", "datetime": "2017-01-04 18:47"},
{"name": "Blanco Quatrus U1 Stainless Steel sink", "has_image": true, "url": "http://toronto.craigslist.org/tor/mat/5941343411.html", "has_map": true, "price": "$400", "geotag": null, "where": null, "id": "5941343411", "datetime": "2017-01-04 18:47"},
{"name": "Cases that Haunt Us by John Douglas", "has_image": true, "url": "http://toronto.craigslist.org/tor/bks/5911833267.html", "has_map": true, "price": "$35", "geotag": [43.789189, -79.330214999999995], "where": "North York", "id": "5911833267", "datetime": "2017-01-04 18:47"},
{"name": "Mid Century Floor Lamp + Free Delivery", "has_image": true, "url": "http://toronto.craigslist.org/tor/hsh/5941349468.html", "has_map": true, "price": "$400", "geotag": null, "where": null, "id": "5941349468", "datetime": "2017-01-04 18:47"},
{"name": "Bathroom Sink, Mirror + Light Combo", "has_image": true, "url": "http://toronto.craigslist.org/tor/mat/5941352524.html", "has_map": true, "price": "$100", "geotag": null, "where": null, "id": "5941352524", "datetime": "2017-01-04 18:47"},
{"name": "JOURNEY INTO DARKNESS by John Douglas, Mark Olshaker", "has_image": true, "url": "http://toronto.craigslist.org/tor/bks/5911833599.html", "has_map": true, "price": "$35", "geotag": [43.788322000000001, -79.330730000000003], "where": "North York", "id": "5911833599", "datetime": "2017-01-04 18:47"},
{"name": "Mind Hunter - Inside the FBI's Elite Serial Crime Unit", "has_image": true, "url": "http://toronto.craigslist.org/tor/bks/5911833821.html", "has_map": true, "price": "$35", "geotag": [43.788668000000001, -79.329785999999999], "where": "North York", "id": "5911833821", "datetime": "2017-01-04 18:47"},
{"name": "Broil Mate BBQ + Free Delivery", "has_image": true, "url": "http://toronto.craigslist.org/tor/for/5941355443.html", "has_map": true, "price": "$75", "geotag": null, "where": null, "id": "5941355443", "datetime": "2017-01-04 18:47"},
{"name": "Large Oval Ornate Wall Mirror - Deep Gold Frame", "has_image": true, "url": "http://toronto.craigslist.org/tor/hsh/5914036847.html", "has_map": true, "price": "$150", "geotag": [43.789239999999999, -79.331772999999998], "where": "North York", "id": "5914036847", "datetime": "2017-01-04 18:46"},
{"name": "Patio Set with 4 Chairs + Free Delivery", "has_image": true, "url": "http://toronto.craigslist.org/tor/for/5941357792.html", "has_map": true, "price": "$50", "geotag": null, "where": null, "id": "5941357792", "datetime": "2017-01-04 18:46"},
{"name": "Woman's Pepe Jeans Down-Filled Sharman Coat  BNWT", "has_image": true, "url": "http://toronto.craigslist.org/tor/clo/5945789922.html", "has_map": true, "price": "$20", "geotag": [43.703414000000002, -79.254786999999993], "where": "Scarborough", "id": "5945789922", "datetime": "2017-01-04 18:46"},
{"name": "Industrial Cage Light Fixture + Free Delivery", "has_image": true, "url": "http://toronto.craigslist.org/tor/for/5941360426.html", "has_map": true, "price": "$100", "geotag": null, "where": null, "id": "5941360426", "datetime": "2017-01-04 18:46"},
{"name": "Peg Perego Book Plus Stroller + Free Delivery", "has_image": true, "url": "http://toronto.craigslist.org/tor/bab/5941366413.html", "has_map": true, "price": "$200", "geotag": null, "where": null, "id": "5941366413", "datetime": "2017-01-04 18:46"},
{"name": "2 Gorgeous Bejeweled Mirror Trays - Like New", "has_image": true, "url": "http://toronto.craigslist.org/tor/hsh/5911822856.html", "has_map": true, "price": "$60", "geotag": [43.788668000000001, -79.329442999999998], "where": "north york", "id": "5911822856", "datetime": "2017-01-04 18:46"},
{"name": "Modern Clean Lines Rectangular Mirror - Gold Ribbed Wood Frame", "has_image": true, "url": "http://toronto.craigslist.org/tor/hsh/5911822818.html", "has_map": true, "price": "$45", "geotag": [43.787056999999997, -79.330301000000006], "where": "North York", "id": "5911822818", "datetime": "2017-01-04 18:46"},
{"name": "Vintage Brass Oval Mirror - Ornate Antique Frame MINT Condition", "has_image": true, "url": "http://toronto.craigslist.org/tor/hsh/5911819112.html", "has_map": true, "price": "$100", "geotag": [43.788786999999999, -79.331574000000003], "where": "North York", "id": "5911819112", "datetime": "2017-01-04 18:46"},
{"name": "Stainless steel BBQ + Free Delivery", "has_image": true, "url": "http://toronto.craigslist.org/tor/for/5941364638.html", "has_map": true, "price": "$200", "geotag": null, "where": null, "id": "5941364638", "datetime": "2017-01-04 18:46"},
{"name": "Spider 5 Elite Datacolor", "has_image": true, "url": "http://toronto.craigslist.org/tor/phd/5945774871.html", "has_map": true, "price": "$235", "geotag": [43.711136000000003, -79.399118999999999], "where": "Yonge and Eglinton", "id": "5945774871", "datetime": "2017-01-04 18:46"},
{"name": "Patio Set - Table + Chairs + Umbrella + Free Delivery", "has_image": true, "url": "http://toronto.craigslist.org/tor/for/5941346378.html", "has_map": true, "price": "$200", "geotag": null, "where": null, "id": "5941346378", "datetime": "2017-01-04 18:46"},
{"name": "South Park Cartman + Free Delivery", "has_image": true, "url": "http://toronto.craigslist.org/tor/clt/5941377303.html", "has_map": true, "price": "$40", "geotag": null, "where": null, "id": "5941377303", "datetime": "2017-01-04 18:45"},
{"name": "Road Hockey Net + Free Delivery", "has_image": true, "url": "http://toronto.craigslist.org/tor/spo/5941504777.html", "has_map": true, "price": "$100", "geotag": null, "where": null, "id": "5941504777", "datetime": "2017-01-04 18:45"},
{"name": "Women's Roxy Winter Boots, Size 8", "has_image": true, "url": "http://toronto.craigslist.org/tor/clo/5945788593.html", "has_map": true, "price": "$50", "geotag": [43.658793000000003, -79.372612000000004], "where": null, "id": "5945788593", "datetime": "2017-01-04 18:45"},
{"name": "Vintage 50s Hair Dryer + Free Delivery", "has_image": true, "url": "http://toronto.craigslist.org/tor/clt/5941507665.html", "has_map": true, "price": "$250", "geotag": null, "where": null, "id": "5941507665", "datetime": "2017-01-04 18:45"},
{"name": "Official Ab Trimmer/Roller With Headrest", "has_image": true, "url": "http://toronto.craigslist.org/tor/spo/5941658549.html", "has_map": true, "price": "$20", "geotag": [43.780099999999997, -79.347899999999996], "where": "North York", "id": "5941658549", "datetime": "2017-01-04 18:45"},
{"name": "Vintage  Barbies + Case + Free Delivery", "has_image": true, "url": "http://toronto.craigslist.org/tor/clt/5942177289.html", "has_map": true, "price": "$200", "geotag": null, "where": null, "id": "5942177289", "datetime": "2017-01-04 18:45"},
{"name": "Vintage Cruiser Bicycle + Free Delivery", "has_image": true, "url": "http://toronto.craigslist.org/tor/bik/5942180577.html", "has_map": true, "price": "$50", "geotag": null, "where": null, "id": "5942180577", "datetime": "2017-01-04 18:45"},
{"name": "Tokidoki LeSportsac Large Organizer Tote - Like New", "has_image": true, "url": "http://toronto.craigslist.org/tor/clo/5911820164.html", "has_map": true, "price": "$70", "geotag": [43.789065000000001, -79.330044000000001], "where": "North York", "id": "5911820164", "datetime": "2017-01-04 18:45"},
{"name": "John Varvatos Artisan Black Men's Cologne, 125mL", "has_image": true, "url": "http://toronto.craigslist.org/tor/hab/5945788110.html", "has_map": true, "price": "$80", "geotag": [43.658793000000003, -79.372612000000004], "where": null, "id": "5945788110", "datetime": "2017-01-04 18:45"},
{"name": "Vintage Hawaiian Girl Sign + Free Delivery", "has_image": true, "url": "http://toronto.craigslist.org/tor/for/5942184831.html", "has_map": true, "price": "$200", "geotag": null, "where": null, "id": "5942184831", "datetime": "2017-01-04 18:45"},
{"name": "Brand New Clearomizer for EGO Series Electronic Cigarette", "has_image": true, "url": "http://toronto.craigslist.org/tor/hab/5945730725.html", "has_map": true, "price": "$5", "geotag": [43.780839, -79.298179000000005], "where": "Scarborough", "id": "5945730725", "datetime": "2017-01-04 18:45"},
{"name": "Fifth Avenue Rings, Bracelets, Broaches, Necklaces - Brand New", "has_image": true, "url": "http://toronto.craigslist.org/tor/jwd/5911802923.html", "has_map": true, "price": "$2500", "geotag": [43.789287999999999, -79.330301000000006], "where": "north york", "id": "5911802923", "datetime": "2017-01-04 18:45"},
{"name": "6 Handblown Glass Owl - Like New Perfect Condition", "has_image": true, "url": "http://toronto.craigslist.org/tor/for/5927603274.html", "has_map": true, "price": "$65", "geotag": [43.788817000000002, -79.330558999999994], "where": "North York", "id": "5927603274", "datetime": "2017-01-04 18:45"},
{"name": "JLo Pink Quartz Cocktail Ring Fifth Ave New with Tag Sz 7, 8, 9", "has_image": true, "url": "http://toronto.craigslist.org/tor/jwl/5911791401.html", "has_map": true, "price": "$75", "geotag": [43.788888999999998, -79.331616999999994], "where": "North York", "id": "5911791401", "datetime": "2017-01-04 18:44"},
{"name": "Rogers (Z432BLKRCLAM) ZTE Z432 Montgomery Cell Phone - Black", "has_image": true, "url": "http://toronto.craigslist.org/tor/mob/5945723523.html", "has_map": true, "price": "$30", "geotag": [43.776682000000001, -79.301606000000007], "where": "Scarborough", "id": "5945723523", "datetime": "2017-01-04 18:44"},
{"name": "Honeywell Dehumidifier - Mint condition", "has_image": true, "url": "http://toronto.craigslist.org/tor/app/5945787260.html", "has_map": true, "price": "$120", "geotag": [43.674703000000001, -79.357431000000005], "where": "Toronto", "id": "5945787260", "datetime": "2017-01-04 18:44"},
{"name": "Fifth Avenue Rare Beauty Pave Ring NEW Sz 9", "has_image": true, "url": "http://toronto.craigslist.org/tor/jwl/5911797537.html", "has_map": true, "price": "$50", "geotag": [43.788888999999998, -79.331616999999994], "where": "North York", "id": "5911797537", "datetime": "2017-01-04 18:44"},
{"name": "Fifth Avenue - Cluster Swarowski Silver Band Ring NEW Sz 8", "has_image": true, "url": "http://toronto.craigslist.org/tor/jwl/5911791075.html", "has_map": true, "price": "$50", "geotag": [43.788888999999998, -79.331616999999994], "where": "North York", "id": "5911791075", "datetime": "2017-01-04 18:44"},
{"name": "Fifth Avenue Jewelry Collection & Supplies - Brand New with Tags", "has_image": true, "url": "http://toronto.craigslist.org/tor/jwl/5911804221.html", "has_map": true, "price": "$2500", "geotag": [43.780099999999997, -79.347899999999996], "where": "North York", "id": "5911804221", "datetime": "2017-01-04 18:44"},
{"name": "Beautiful Small Enamel Jewelry Oval Box - NEW", "has_image": true, "url": "http://toronto.craigslist.org/tor/jwl/5911785722.html", "has_map": true, "price": "$30", "geotag": [43.788792000000001, -79.330129999999997], "where": "North York", "id": "5911785722", "datetime": "2017-01-04 18:44"},
{"name": "Fifth Avenue Go Global Cluster Silver Ring NEW Sz 7", "has_image": true, "url": "http://toronto.craigslist.org/tor/jwl/5911793026.html", "has_map": true, "price": "$50", "geotag": [43.788888999999998, -79.331616999999994], "where": "North York", "id": "5911793026", "datetime": "2017-01-04 18:44"},
{"name": "Fifth Avenue Rare Beauty Pave Ring NEW Sz 9", "has_image": true, "url": "http://toronto.craigslist.org/tor/jwl/5911792429.html", "has_map": true, "price": "$50", "geotag": [43.788888999999998, -79.331616999999994], "where": "North York", "id": "5911792429", "datetime": "2017-01-04 18:44"},
{"name": "Beautiful Fifth Avenue Collection Silver Ring Blue Saphire & Diamonel", "has_image": true, "url": "http://toronto.craigslist.org/tor/jwl/5911790184.html", "has_map": true, "price": "$50", "geotag": [43.788420000000002, -79.330988000000005], "where": "North York", "id": "5911790184", "datetime": "2017-01-04 18:44"},
{"name": "Fifth Avenue Little Darlin Blue or Pink Rings NEW Sz 8 and 9", "has_image": true, "url": "http://toronto.craigslist.org/tor/jwl/5911787381.html", "has_map": true, "price": "$35", "geotag": [43.788888999999998, -79.331616999999994], "where": "North York", "id": "5911787381", "datetime": "2017-01-04 18:43"},
{"name": "Fifth Avenue It's Only Fitting Silver Band Ring NEW Sz 8", "has_image": true, "url": "http://toronto.craigslist.org/tor/jwl/5911786663.html", "has_map": true, "price": "$40", "geotag": [43.788888999999998, -79.331616999999994], "where": "North York", "id": "5911786663", "datetime": "2017-01-04 18:43"},
{"name": "SAMSUNG GALAXY S5 (32GB) WITH *ADDITIONAL* 16GB MICRO SD CARD INCLUDED", "has_image": true, "url": "http://toronto.craigslist.org/tor/mob/5945786075.html", "has_map": true, "price": "$200", "geotag": null, "where": "Mississauga", "id": "5945786075", "datetime": "2017-01-04 18:43"},
{"name": "Fifth Avenue - Silver & Gold Band Ring NEW Sz 9", "has_image": true, "url": "http://toronto.craigslist.org/tor/jwl/5911798831.html", "has_map": true, "price": "$35", "geotag": [43.788888999999998, -79.331616999999994], "where": "North York", "id": "5911798831", "datetime": "2017-01-04 18:43"},
{"name": "Fifth Avenue Rings A World Apart Silver Solitaire NEW Sz 8, 9", "has_image": true, "url": "http://toronto.craigslist.org/tor/jwl/5911791916.html", "has_map": true, "price": "$50", "geotag": [43.788888999999998, -79.331616999999994], "where": "North York", "id": "5911791916", "datetime": "2017-01-04 18:43"},
{"name": "Sealed 2017 Moleskine weekly notebook/diary/planner", "has_image": true, "url": "http://toronto.craigslist.org/tor/for/5941979972.html", "has_map": true, "price": "$13", "geotag": null, "where": "Bathurst Bloor", "id": "5941979972", "datetime": "2017-01-04 18:43"},
{"name": "2 Gorgeous Bejeweled Mirror Trays - Like New", "has_image": true, "url": "http://toronto.craigslist.org/tor/jwl/5911804792.html", "has_map": true, "price": "$100", "geotag": [43.788172000000003, -79.329528999999994], "where": "north york", "id": "5911804792", "datetime": "2017-01-04 18:43"},
{"name": "3 Small Square Gold Frame Mirrors", "has_image": true, "url": "http://toronto.craigslist.org/tor/hsh/5938294001.html", "has_map": true, "price": "$50", "geotag": [43.789239999999999, -79.331772999999998], "where": "North York", "id": "5938294001", "datetime": "2017-01-04 18:43"},
{"name": "New in Box. by Frigidaire Stainless Grill /Panini. Great gift!", "has_image": true, "url": "http://toronto.craigslist.org/tor/hsh/5930103581.html", "has_map": true, "price": "$150", "geotag": null, "where": "bathurst bloor", "id": "5930103581", "datetime": "2017-01-04 18:43"},
{"name": "Men's house gift - new with tags Bamboo Placemats/coaster/runner set", "has_image": true, "url": "http://toronto.craigslist.org/tor/hsh/5930105233.html", "has_map": true, "price": "$40", "geotag": null, "where": "Bathurst Bloor", "id": "5930105233", "datetime": "2017-01-04 18:43"},
{"name": "Black used mailbox", "has_image": true, "url": "http://toronto.craigslist.org/tor/hsh/5942774065.html", "has_map": true, "price": "$8", "geotag": null, "where": "bathurst bloor", "id": "5942774065", "datetime": "2017-01-04 18:43"},
{"name": "Two small wood shelves", "has_image": true, "url": "http://toronto.craigslist.org/tor/hsh/5942775825.html", "has_map": true, "price": "$12", "geotag": null, "where": "Bathurst Bloor", "id": "5942775825", "datetime": "2017-01-04 18:43"},
{"name": "Rug 5 x 8 feet", "has_image": true, "url": "http://toronto.craigslist.org/tor/hsh/5945785123.html", "has_map": true, "price": "$100", "geotag": null, "where": "bathurst bloor", "id": "5945785123", "datetime": "2017-01-04 18:43"},
{"name": "Vintage Brass Oval Mirror - Ornate Antique Frame MINT Condition", "has_image": true, "url": "http://toronto.craigslist.org/tor/hsh/5927313446.html", "has_map": true, "price": "$100", "geotag": [43.788786999999999, -79.331574000000003], "where": "North York", "id": "5927313446", "datetime": "2017-01-04 18:42"},
{"name": "Golf Stand Bag by Alien Golf - Hunter Green - Like New", "has_image": true, "url": "http://toronto.craigslist.org/tor/spo/5911829931.html", "has_map": true, "price": "$50", "geotag": [43.809235999999999, -79.338369], "where": "North York", "id": "5911829931", "datetime": "2017-01-04 18:42"},
{"name": "Frasco 5 Brass Beauty Mirror (Double Sided) Brand New with Tag", "has_image": true, "url": "http://toronto.craigslist.org/tor/hab/5941670629.html", "has_map": true, "price": "$80", "geotag": [43.780099999999997, -79.347899999999996], "where": "North York", "id": "5941670629", "datetime": "2017-01-04 18:42"},
{"name": "The Superstars of Comedy - Saturday, January 14th", "has_image": true, "url": "http://toronto.craigslist.org/tor/tix/5945757205.html", "has_map": true, "price": "$10", "geotag": [43.661166000000001, -79.427805000000006], "where": "Comedy Bar", "id": "5945757205", "datetime": "2017-01-04 18:41"},
{"name": "Aircast SP-Walker Boot - (Short Pneumatic) Like New - Small sz 7", "has_image": true, "url": "http://toronto.craigslist.org/tor/hab/5931212070.html", "has_map": true, "price": "$100", "geotag": [43.789239999999999, -79.331772999999998], "where": "North York", "id": "5931212070", "datetime": "2017-01-04 18:41"},
{"name": "Apple MacBook Pro 17-inch laptop i5 2.53GHz / 500GB HDD / 4GB RAM", "has_image": true, "url": "http://toronto.craigslist.org/tor/sys/5945708696.html", "has_map": true, "price": "$650", "geotag": [43.656163999999997, -79.466369], "where": "Keele & Bloor", "id": "5945708696", "datetime": "2017-01-04 18:40"},
{"name": "Legrand AWC2GNB4 Antique Bronze 2 Gang Wall plate", "has_image": true, "url": "http://toronto.craigslist.org/tor/hsd/5945665889.html", "has_map": true, "price": "$73", "geotag": null, "where": null, "id": "5945665889", "datetime": "2017-01-04 18:40"},
{"name": "Brand New Electronic Cigarette - Ego T 900 mAh E-cigarette", "has_image": true, "url": "http://toronto.craigslist.org/tor/hab/5945741712.html", "has_map": true, "price": "$55", "geotag": [43.780808, -79.298201000000006], "where": "Scarborough", "id": "5945741712", "datetime": "2017-01-04 18:39"},
{"name": "EGO Series Electronic Cigarette Accesories", "has_image": true, "url": "http://toronto.craigslist.org/tor/hab/5945780410.html", "has_map": true, "price": "$4", "geotag": [43.780839, -79.298179000000005], "where": "Scarborough", "id": "5945780410", "datetime": "2017-01-04 18:39"},
{"name": "Apple MacBook Pro 17-inch laptop i5 2.53GHz / 500GB HDD / 4GB RAM", "has_image": true, "url": "http://toronto.craigslist.org/tor/sys/5945708696.html", "has_map": true, "price": "$650", "geotag": [43.656163999999997, -79.466369], "where": "Keele & Bloor", "id": "5945708696", "datetime": "2017-01-04 18:40"},
{"name": "Legrand AWC2GNB4 Antique Bronze 2 Gang Wall plate", "has_image": true, "url": "http://toronto.craigslist.org/tor/hsd/5945665889.html", "has_map": true, "price": "$73", "geotag": null, "where": null, "id": "5945665889", "datetime": "2017-01-04 18:40"},
{"name": "Brand New Electronic Cigarette - Ego T 900 mAh E-cigarette", "has_image": true, "url": "http://toronto.craigslist.org/tor/hab/5945741712.html", "has_map": true, "price": "$55", "geotag": [43.780808, -79.298201000000006], "where": "Scarborough", "id": "5945741712", "datetime": "2017-01-04 18:39"},
{"name": "EGO Series Electronic Cigarette Accesories", "has_image": true, "url": "http://toronto.craigslist.org/tor/hab/5945780410.html", "has_map": true, "price": "$4", "geotag": [43.780839, -79.298179000000005], "where": "Scarborough", "id": "5945780410", "datetime": "2017-01-04 18:39"},
{"name": "Howard Terpning signed print.", "has_image": true, "url": "http://toronto.craigslist.org/tor/art/5945779742.html", "has_map": true, "price": "$1000", "geotag": null, "where": "Alliston", "id": "5945779742", "datetime": "2017-01-04 18:39"},
{"name": "Series 9 Designer Floating Queen Headboard w/Night Tables", "has_image": true, "url": "http://toronto.craigslist.org/tor/fud/5945718653.html", "has_map": true, "price": "$349", "geotag": [49.191983, -123.082559], "where": "FREE SHIPPING", "id": "5945718653", "datetime": "2017-01-04 18:38"},
{"name": "Generic Disk brakes for MTN bike", "has_image": false, "url": "http://toronto.craigslist.org/tor/bop/5941672015.html", "has_map": true, "price": "$20", "geotag": null, "where": "north york", "id": "5941672015", "datetime": "2017-01-04 18:37"},
{"name": "Shimano Tourney Shifter Set", "has_image": false, "url": "http://toronto.craigslist.org/tor/bop/5941671861.html", "has_map": true, "price": "$20", "geotag": null, "where": "north york", "id": "5941671861", "datetime": "2017-01-04 18:37"},
{"name": "EJuice", "has_image": true, "url": "http://toronto.craigslist.org/tor/hab/5945776935.html", "has_map": true, "price": "$5", "geotag": [43.780839, -79.298243999999997], "where": "Scarborough", "id": "5945776935", "datetime": "2017-01-04 18:36"},
{"name": "E Liquid", "has_image": true, "url": "http://toronto.craigslist.org/tor/hab/5945776744.html", "has_map": true, "price": "$5", "geotag": [43.780793000000003, -79.298286000000004], "where": "Scarborough", "id": "5945776744", "datetime": "2017-01-04 18:36"},
{"name": "Energizer bunny bank", "has_image": true, "url": "http://toronto.craigslist.org/tor/clt/5945776601.html", "has_map": true, "price": "$10", "geotag": [43.776682000000001, -79.301606000000007], "where": "Scarborough", "id": "5945776601", "datetime": "2017-01-04 18:36"},
{"name": "Interesting Tree Jewellery Stands", "has_image": true, "url": "http://toronto.craigslist.org/tor/jwd/5945731120.html", "has_map": true, "price": "$50", "geotag": [43.680177, -79.338606999999996], "where": "Toronto", "id": "5945731120", "datetime": "2017-01-04 18:36"},
{"name": "50 CLASSIC R&B;/SOUL VINYL RECORDS !!!", "has_image": true, "url": "http://toronto.craigslist.org/tor/emq/5945760188.html", "has_map": true, "price": "$4", "geotag": [43.726109999999998, -79.340198999999998], "where": null, "id": "5945760188", "datetime": "2017-01-04 18:36"},
{"name": "Lg g4-Brand  New-LIKE NEW-UNLOCKED-Wind/All Networks", "has_image": true, "url": "http://toronto.craigslist.org/tor/mob/5943432363.html", "has_map": true, "price": "$270", "geotag": [43.652377999999999, -79.571906999999996], "where": "Etobicoke", "id": "5943432363", "datetime": "2017-01-04 18:36"},
{"name": "Brand New Electronic Cigarette - Ego T 1100mAh E-cigarette", "has_image": true, "url": "http://toronto.craigslist.org/tor/hab/5945735793.html", "has_map": true, "price": "$55", "geotag": [43.780793000000003, -79.298286000000004], "where": "Scarborough", "id": "5945735793", "datetime": "2017-01-04 18:35"},
{"name": "Sleep monitor", "has_image": true, "url": "http://toronto.craigslist.org/tor/hab/5945774655.html", "has_map": true, "price": "$1", "geotag": null, "where": null, "id": "5945774655", "datetime": "2017-01-04 18:35"},
{"name": "Sony Playstaion 2 and Games", "has_image": true, "url": "http://toronto.craigslist.org/tor/ele/5945746278.html", "has_map": true, "price": "$100", "geotag": [43.776682000000001, -79.301606000000007], "where": "Scarborough", "id": "5945746278", "datetime": "2017-01-04 18:34"},
{"name": "Hanimex 135mm f3.5 M42 Screw Mount Lens", "has_image": true, "url": "http://toronto.craigslist.org/tor/phd/5945773815.html", "has_map": true, "price": "$45", "geotag": [43.711136000000003, -79.399118999999999], "where": "Yonge and Eglinton", "id": "5945773815", "datetime": "2017-01-04 18:34"},
{"name": "1984 ANALOG BOSS PH-2 SUPER PHASER MIJ", "has_image": true, "url": "http://toronto.craigslist.org/tor/msg/5945758906.html", "has_map": true, "price": "$100", "geotag": null, "where": "Toronto", "id": "5945758906", "datetime": "2017-01-04 18:34"},
{"name": "Rockets vs Raptors UPPERBOWL low rows Sunday, January 8 6pm", "has_image": true, "url": "http://toronto.craigslist.org/tor/tix/5945740794.html", "has_map": true, "price": "$90", "geotag": null, "where": null, "id": "5945740794", "datetime": "2017-01-04 18:33"},
{"name": "Ikea: BJ\u00d6RKUDDEN Bar table", "has_image": true, "url": "http://toronto.craigslist.org/tor/fuo/5934556219.html", "has_map": true, "price": "$100", "geotag": [43.682352999999999, -79.415216999999998], "where": null, "id": "5934556219", "datetime": "2017-01-04 18:33"},
{"name": "TV stand: Ikea VITTSJO Glass", "has_image": true, "url": "http://toronto.craigslist.org/tor/fuo/5934586871.html", "has_map": true, "price": "$40", "geotag": null, "where": null, "id": "5934586871", "datetime": "2017-01-04 18:32"},
{"name": "Used Ingo table", "has_image": true, "url": "http://toronto.craigslist.org/tor/fuo/5934535903.html", "has_map": true, "price": "$20", "geotag": null, "where": null, "id": "5934535903", "datetime": "2017-01-04 18:32"},
{"name": "YGL-3 MARK 3 - BETTER THAN A TWIN - WITH ADDED FEATURES", "has_image": true, "url": "http://toronto.craigslist.org/tor/msg/5945758172.html", "has_map": true, "price": "$950", "geotag": null, "where": "Toronto", "id": "5945758172", "datetime": "2017-01-04 18:31"},
{"name": "Designer mens shoes", "has_image": true, "url": "http://toronto.craigslist.org/tor/clo/5945770190.html", "has_map": true, "price": "$1", "geotag": null, "where": null, "id": "5945770190", "datetime": "2017-01-04 18:31"},
{"name": "Black Gucci Leather wallet", "has_image": false, "url": "http://toronto.craigslist.org/tor/clo/5945769652.html", "has_map": true, "price": "$350", "geotag": null, "where": "Toronto", "id": "5945769652", "datetime": "2017-01-04 18:31"},
{"name": "Brand New eGo-W Variable Voltage Pass-Through 650mAh Battery", "has_image": true, "url": "http://toronto.craigslist.org/tor/hab/5945748329.html", "has_map": true, "price": "$35", "geotag": null, "where": "Scarborough", "id": "5945748329", "datetime": "2017-01-04 18:30"},
{"name": "4 Wood & Metal Chairs", "has_image": true, "url": "http://toronto.craigslist.org/tor/fuo/5945766903.html", "has_map": true, "price": "$40", "geotag": null, "where": "Queen and Ossington", "id": "5945766903", "datetime": "2017-01-04 18:29"},
{"name": "Walker with Seat and Handbreaks - Excellent Condition", "has_image": true, "url": "http://toronto.craigslist.org/tor/hab/5943735175.html", "has_map": true, "price": "$125", "geotag": null, "where": "North York", "id": "5943735175", "datetime": "2017-01-04 18:28"},
{"name": "Eurolite - floor light with wave design", "has_image": true, "url": "http://toronto.craigslist.org/tor/hsh/5936892967.html", "has_map": true, "price": "$125", "geotag": null, "where": "Queen West", "id": "5936892967", "datetime": "2017-01-04 18:28"},
{"name": "Great Danby Microwave", "has_image": true, "url": "http://toronto.craigslist.org/tor/app/5936752025.html", "has_map": true, "price": "$50", "geotag": null, "where": null, "id": "5936752025", "datetime": "2017-01-04 18:28"},
{"name": "Crate and Barrel Couch", "has_image": true, "url": "http://toronto.craigslist.org/tor/fuo/5936748541.html", "has_map": true, "price": "$225", "geotag": null, "where": null, "id": "5936748541", "datetime": "2017-01-04 18:28"},
{"name": "Antique Filing Cabinet For Sale", "has_image": true, "url": "http://toronto.craigslist.org/tor/fuo/5945766031.html", "has_map": true, "price": "$325", "geotag": null, "where": "Toronto", "id": "5945766031", "datetime": "2017-01-04 18:28"},
{"name": "Breville Espresso Machine for Sale Great Deal!", "has_image": true, "url": "http://toronto.craigslist.org/tor/app/5945765901.html", "has_map": true, "price": "$100", "geotag": null, "where": "Toronto", "id": "5945765901", "datetime": "2017-01-04 18:28"},
{"name": "Gislaved Nord Frost Winter Tires 195/65 R15", "has_image": true, "url": "http://toronto.craigslist.org/tor/wto/5945765740.html", "has_map": true, "price": "$250", "geotag": null, "where": null, "id": "5945765740", "datetime": "2017-01-04 18:28"},
{"name": "Modern Side Table For Sale", "has_image": true, "url": "http://toronto.craigslist.org/tor/fuo/5945765743.html", "has_map": true, "price": "$40", "geotag": null, "where": "Toronto", "id": "5945765743", "datetime": "2017-01-04 18:28"},
{"name": "Beautiful Persian Rug For Sale", "has_image": true, "url": "http://toronto.craigslist.org/tor/fuo/5945765606.html", "has_map": true, "price": "$100", "geotag": null, "where": "Toronto", "id": "5945765606", "datetime": "2017-01-04 18:28"},
{"name": "Beautiful Antique Milk Can", "has_image": true, "url": "http://toronto.craigslist.org/tor/fuo/5945765402.html", "has_map": true, "price": "$150", "geotag": null, "where": "Toronto", "id": "5945765402", "datetime": "2017-01-04 18:28"},
{"name": "2015 GIBSON LES PAUL COMMEMORATIVE LESS + IN EXCELLENT CONDITION", "has_image": true, "url": "http://toronto.craigslist.org/tor/msg/5925732920.html", "has_map": true, "price": "$1700", "geotag": null, "where": "Toronto", "id": "5925732920", "datetime": "2017-01-04 18:27"},
{"name": "1984 IBANEZ RS520 DELUXE IN EXCELLENT CONDITION", "has_image": true, "url": "http://toronto.craigslist.org/tor/msg/5924186320.html", "has_map": true, "price": "$800", "geotag": null, "where": "Toronto West", "id": "5924186320", "datetime": "2017-01-04 18:27"},
{"name": "Designer mens coat", "has_image": true, "url": "http://toronto.craigslist.org/tor/clo/5945764160.html", "has_map": true, "price": "$1", "geotag": null, "where": null, "id": "5945764160", "datetime": "2017-01-04 18:27"},
{"name": "Credenza for sale", "has_image": true, "url": "http://toronto.craigslist.org/tor/fuo/5945763755.html", "has_map": true, "price": "$200", "geotag": null, "where": "Liberty Village", "id": "5945763755", "datetime": "2017-01-04 18:26"},
{"name": "BMW Owners Manual Handbook", "has_image": true, "url": "http://toronto.craigslist.org/tor/pts/5945763572.html", "has_map": true, "price": "$35", "geotag": null, "where": null, "id": "5945763572", "datetime": "2017-01-04 18:26"},
{"name": "Air Canada Maple Leaf Lounge Guest Pass", "has_image": false, "url": "http://toronto.craigslist.org/tor/for/5945763396.html", "has_map": true, "price": "$30", "geotag": null, "where": "Toronto", "id": "5945763396", "datetime": "2017-01-04 18:26"},
{"name": "FOSSIL WATCH NACRE BLACK DIAL", "has_image": true, "url": "http://toronto.craigslist.org/tor/jwl/5945763319.html", "has_map": true, "price": "$115", "geotag": null, "where": "DOWNTOWN", "id": "5945763319", "datetime": "2017-01-04 18:26"},
{"name": "1975 Traynor YGL-3A Mark3 All Tube Amp Head", "has_image": true, "url": "http://toronto.craigslist.org/tor/msg/5924187226.html", "has_map": true, "price": "$750", "geotag": null, "where": "Toronto West", "id": "5924187226", "datetime": "2017-01-04 18:25"},
{"name": "For Sale: 2005 Emeraldburst Gibson SG Supreme", "has_image": true, "url": "http://toronto.craigslist.org/tor/msg/5924185595.html", "has_map": true, "price": "$2000", "geotag": null, "where": "Toronto", "id": "5924185595", "datetime": "2017-01-04 18:25"},
{"name": "Vintage Fender Super Reverb With 4 New Jensen P10Q Speakers", "has_image": true, "url": "http://toronto.craigslist.org/tor/msg/5921263159.html", "has_map": true, "price": "$1100", "geotag": null, "where": "Toronto West", "id": "5921263159", "datetime": "2017-01-04 18:25"},
{"name": "Ladies Norco Tourister 5 Speed", "has_image": true, "url": "http://toronto.craigslist.org/tor/bik/5945761378.html", "has_map": true, "price": "$240", "geotag": null, "where": "Toronto", "id": "5945761378", "datetime": "2017-01-04 18:25"},
{"name": "Art & Lutherie Acoustic For Sale", "has_image": true, "url": "http://toronto.craigslist.org/tor/msg/5945761325.html", "has_map": true, "price": "$400", "geotag": null, "where": null, "id": "5945761325", "datetime": "2017-01-04 18:25"},
{"name": "Colour Charts", "has_image": true, "url": "http://toronto.craigslist.org/tor/hsh/5945761156.html", "has_map": true, "price": "$20", "geotag": null, "where": "Toronto", "id": "5945761156", "datetime": "2017-01-04 18:24"},
{"name": "420 Kush Delivery Q70", "has_image": true, "url": "http://toronto.craigslist.org/tor/for/5945641256.html", "has_map": true, "price": "$70", "geotag": null, "where": null, "id": "5945641256", "datetime": "2017-01-04 18:24"},
{"name": "Garage Door for Sale", "has_image": false, "url": "http://toronto.craigslist.org/tor/hsh/5945760758.html", "has_map": true, "price": "$350", "geotag": null, "where": null, "id": "5945760758", "datetime": "2017-01-04 18:24"},
{"name": "Vintage Evening Clutch", "has_image": true, "url": "http://toronto.craigslist.org/tor/clo/5945760549.html", "has_map": true, "price": "$40", "geotag": null, "where": "Toronto", "id": "5945760549", "datetime": "2017-01-04 18:24"},
{"name": "2003 toyota corolla", "has_image": true, "url": "http://toronto.craigslist.org/tor/cto/5942094990.html", "has_map": true, "price": "$1000", "geotag": null, "where": null, "id": "5942094990", "datetime": "2017-01-04 18:23"},
{"name": "Nike MercurialX indoor court shoes", "has_image": true, "url": "http://toronto.craigslist.org/tor/spo/5945757991.html", "has_map": true, "price": "$1", "geotag": null, "where": null, "id": "5945757991", "datetime": "2017-01-04 18:22"},
{"name": "area rug", "has_image": true, "url": "http://toronto.craigslist.org/tor/hsh/5929908515.html", "has_map": true, "price": "$89", "geotag": null, "where": "burnaby", "id": "5929908515", "datetime": "2017-01-04 18:21"},
{"name": "1994 Optek Fretlight FG-200 Guitar", "has_image": true, "url": "http://toronto.craigslist.org/tor/msg/5945756341.html", "has_map": true, "price": "$500", "geotag": null, "where": "Toronto", "id": "5945756341", "datetime": "2017-01-04 18:21"},
{"name": "Metz Mecablitz 44 AF-1 Speedlite for Olympus 4/3", "has_image": true, "url": "http://toronto.craigslist.org/tor/phd/5945729668.html", "has_map": true, "price": "$275", "geotag": null, "where": "Yonge and Eglinton", "id": "5945729668", "datetime": "2017-01-04 18:21"},
{"name": "Fender acoustic/electric bass for sale", "has_image": true, "url": "http://toronto.craigslist.org/tor/msg/5945755519.html", "has_map": true, "price": "$400", "geotag": null, "where": null, "id": "5945755519", "datetime": "2017-01-04 18:20"},
{"name": "Chrome 2 drawer console table", "has_image": true, "url": "http://toronto.craigslist.org/tor/fuo/5945753300.html", "has_map": true, "price": "$1", "geotag": null, "where": null, "id": "5945753300", "datetime": "2017-01-04 18:19"},
{"name": "Toronto Maple Leafs vs Montreal Canadiens - Sat Jan 7 - 3 Pairs", "has_image": true, "url": "http://toronto.craigslist.org/tor/tix/5945753221.html", "has_map": true, "price": "$1", "geotag": null, "where": "Mississauga", "id": "5945753221", "datetime": "2017-01-04 18:19"},
{"name": "Brand New EGO 510-x", "has_image": true, "url": "http://toronto.craigslist.org/tor/ele/5945752536.html", "has_map": true, "price": "$55", "geotag": null, "where": "Scarborough", "id": "5945752536", "datetime": "2017-01-04 18:18"},
{"name": "Brand New Mattress for Sale King, Queen, Double, Single from $90* ----", "has_image": true, "url": "http://toronto.craigslist.org/tor/fud/5912012866.html", "has_map": true, "price": "$90", "geotag": null, "where": null, "id": "5912012866", "datetime": "2017-01-04 18:17"},
{"name": "Brand New PU Leather Bed Queen, Double, Single ***$160 ---------------", "has_image": true, "url": "http://toronto.craigslist.org/tor/fud/5921604207.html", "has_map": true, "price": "$160", "geotag": null, "where": null, "id": "5921604207", "datetime": "2017-01-04 18:17"},
{"name": "2 camper chairs", "has_image": true, "url": "http://toronto.craigslist.org/tor/fuo/5945750969.html", "has_map": true, "price": "$55", "geotag": null, "where": null, "id": "5945750969", "datetime": "2017-01-04 18:17"},
{"name": "Antique Steel Horse Double Candle Stopper", "has_image": true, "url": "http://toronto.craigslist.org/tor/hsh/5931466448.html", "has_map": true, "price": "$40", "geotag": null, "where": "Toronto/Vaughan", "id": "5931466448", "datetime": "2017-01-04 18:17"},
{"name": "IPhone 6 - Unlocked, 16GB, Works With Freedom", "has_image": true, "url": "http://toronto.craigslist.org/tor/mob/5945569889.html", "has_map": true, "price": "$480", "geotag": null, "where": null, "id": "5945569889", "datetime": "2017-01-04 18:17"},
{"name": "******Laptop Bag Genuine Leather - !!!Brand New!!!********", "has_image": true, "url": "http://toronto.craigslist.org/tor/syd/5921326094.html", "has_map": true, "price": "$1", "geotag": null, "where": "CANADA", "id": "5921326094", "datetime": "2017-01-04 18:16"},
{"name": "2 Dark Brown 6'5 Bookshelves - $80 - Sturdy, Wide - Great Condition", "has_image": true, "url": "http://toronto.craigslist.org/tor/fuo/5945747977.html", "has_map": true, "price": "$80", "geotag": null, "where": "Toronto", "id": "5945747977", "datetime": "2017-01-04 18:15"},
{"name": "Necklace", "has_image": true, "url": "http://toronto.craigslist.org/tor/jwl/5932353495.html", "has_map": true, "price": "$10", "geotag": null, "where": "Toronto", "id": "5932353495", "datetime": "2017-01-04 18:14"},
{"name": "Brand New Ego-M6 Wax Oil Clearomizer", "has_image": true, "url": "http://toronto.craigslist.org/tor/hab/5945747338.html", "has_map": true, "price": "$10", "geotag": null, "where": "Scarborough", "id": "5945747338", "datetime": "2017-01-04 18:14"},
{"name": "Vintage Giraffe Mug", "has_image": true, "url": "http://toronto.craigslist.org/tor/hsh/5932360785.html", "has_map": true, "price": "$10", "geotag": null, "where": "Toronto/Vaughan", "id": "5932360785", "datetime": "2017-01-04 18:13"},
{"name": "Promaster Studio Kit Bag", "has_image": true, "url": "http://toronto.craigslist.org/tor/phd/5945729205.html", "has_map": true, "price": "$55", "geotag": null, "where": "Yonge and Eglinton", "id": "5945729205", "datetime": "2017-01-04 18:13"},
{"name": "Brand New Electronic Cigarette - EGO T Passthrough Battery", "has_image": true, "url": "http://toronto.craigslist.org/tor/hab/5945745377.html", "has_map": true, "price": "$30", "geotag": null, "where": "Scarborough", "id": "5945745377", "datetime": "2017-01-04 18:13"},
{"name": "RYERSON ACC 406 TEXT BOOK", "has_image": true, "url": "http://toronto.craigslist.org/tor/bks/5945743650.html", "has_map": true, "price": "$10", "geotag": null, "where": "TORONTO", "id": "5945743650", "datetime": "2017-01-04 18:12"},
{"name": "Lane Vintage Teak Bedroom Set", "has_image": true, "url": "http://toronto.craigslist.org/tor/fuo/5945743442.html", "has_map": true, "price": "$400", "geotag": null, "where": "Toronto", "id": "5945743442", "datetime": "2017-01-04 18:11"},
{"name": "Brand New EVOD Electronic Cigarette - Ego 1100 mAh", "has_image": true, "url": "http://toronto.craigslist.org/tor/hab/5945742632.html", "has_map": true, "price": "$20", "geotag": null, "where": "Scarborough", "id": "5945742632", "datetime": "2017-01-04 18:11"},
{"name": "Black Evening Dress wiht Scarf", "has_image": true, "url": "http://toronto.craigslist.org/tor/clo/5936952729.html", "has_map": true, "price": "$40", "geotag": null, "where": "Vaughan", "id": "5936952729", "datetime": "2017-01-04 18:10"},
{"name": "JVC Digital Camera GR-D650U", "has_image": true, "url": "http://toronto.craigslist.org/tor/ele/5945628948.html", "has_map": true, "price": "$90", "geotag": null, "where": "GTA", "id": "5945628948", "datetime": "2017-01-04 18:09"},
{"name": "Brand new Moto E 2 gen smartphone for sale. Wind etc", "has_image": true, "url": "http://toronto.craigslist.org/tor/mob/5941007677.html", "has_map": true, "price": "$100", "geotag": null, "where": "Bloor/ Keele", "id": "5941007677", "datetime": "2017-01-04 18:07"},
{"name": "Brand New EgoT-CE4 1100mAh E-cigarette (Electronic Cigarette)", "has_image": true, "url": "http://toronto.craigslist.org/tor/hab/5945725910.html", "has_map": true, "price": "$35", "geotag": null, "where": "Scarborough", "id": "5945725910", "datetime": "2017-01-04 18:07"},
{"name": "SALE - NEW Fully Handmade 5' 7 x 8' 1 Wool Carpet", "has_image": true, "url": "http://toronto.craigslist.org/tor/hsh/5945685609.html", "has_map": true, "price": "$560", "geotag": null, "where": null, "id": "5945685609", "datetime": "2017-01-04 18:06"},
{"name": "i5 2500K Gaming Computer", "has_image": true, "url": "http://toronto.craigslist.org/tor/sys/5945735495.html", "has_map": true, "price": "$400", "geotag": null, "where": "Toronto", "id": "5945735495", "datetime": "2017-01-04 18:05"},
{"name": "Miami Glow by JLO Set", "has_image": true, "url": "http://toronto.craigslist.org/tor/hab/5941484600.html", "has_map": true, "price": "$10", "geotag": null, "where": "Thornhill", "id": "5941484600", "datetime": "2017-01-04 18:05"},
{"name": "New Long Dress", "has_image": true, "url": "http://toronto.craigslist.org/tor/clo/5926706519.html", "has_map": true, "price": "$50", "geotag": null, "where": null, "id": "5926706519", "datetime": "2017-01-04 18:05"},
{"name": "Brand new strong double/queen bed$149up(free delivery)", "has_image": true, "url": "http://toronto.craigslist.org/tor/fud/5935704655.html", "has_map": true, "price": "$149", "geotag": null, "where": "NORTH YORK", "id": "5935704655", "datetime": "2017-01-04 18:05"},
{"name": "Kenneth Cole Reaction Wallet", "has_image": true, "url": "http://toronto.craigslist.org/tor/clo/5941483313.html", "has_map": true, "price": "$10", "geotag": null, "where": null, "id": "5941483313", "datetime": "2017-01-04 18:04"},
{"name": "Elegant Black Wool Hat", "has_image": true, "url": "http://toronto.craigslist.org/tor/clo/5941482372.html", "has_map": true, "price": "$10", "geotag": null, "where": "Thornhill", "id": "5941482372", "datetime": "2017-01-04 18:04"},
{"name": "Custom Oak Mission Style Dining Set", "has_image": true, "url": "http://toronto.craigslist.org/tor/fuo/5942628601.html", "has_map": true, "price": "$3800", "geotag": null, "where": null, "id": "5942628601", "datetime": "2017-01-04 18:04"},
{"name": "Crystal necklace & earrings set", "has_image": true, "url": "http://toronto.craigslist.org/tor/jwl/5941478460.html", "has_map": true, "price": "$30", "geotag": null, "where": null, "id": "5941478460", "datetime": "2017-01-04 18:04"},
{"name": "Brand New - EVOD Variable Voltage Electronic Cigarette Kit", "has_image": true, "url": "http://toronto.craigslist.org/tor/hab/5945732836.html", "has_map": true, "price": "$55", "geotag": null, "where": "Scarborough", "id": "5945732836", "datetime": "2017-01-04 18:03"},
{"name": "DeWalt 12v Battery DCB120", "has_image": true, "url": "http://toronto.craigslist.org/tor/tls/5911014751.html", "has_map": true, "price": "$30", "geotag": null, "where": "Downtown", "id": "5911014751", "datetime": "2017-01-04 18:02"},
{"name": "Black Acoustic Guitar Bridge Saddle", "has_image": true, "url": "http://toronto.craigslist.org/tor/msg/5937175966.html", "has_map": true, "price": "$5", "geotag": null, "where": "Young / King", "id": "5937175966", "datetime": "2017-01-04 18:02"},
{"name": "Utah Jazz vs Toronto Raptors January 5", "has_image": true, "url": "http://toronto.craigslist.org/tor/tix/5945715845.html", "has_map": true, "price": "$90", "geotag": null, "where": null, "id": "5945715845", "datetime": "2017-01-04 18:02"},
{"name": "Modern 5-Piece Dining Set, with Dark Brown Leather", "has_image": true, "url": "http://toronto.craigslist.org/tor/fuo/5936674717.html", "has_map": true, "price": "$600", "geotag": null, "where": "Downtown Toronto", "id": "5936674717", "datetime": "2017-01-04 18:02"},
{"name": "Black Acoustic Guitar Nut", "has_image": true, "url": "http://toronto.craigslist.org/tor/msg/5937177203.html", "has_map": true, "price": "$5", "geotag": null, "where": "Young/King", "id": "5937177203", "datetime": "2017-01-04 18:02"},
{"name": "White Acoustic Guitar Bridge Saddle", "has_image": true, "url": "http://toronto.craigslist.org/tor/msg/5937180563.html", "has_map": true, "price": "$5", "geotag": null, "where": "king and young", "id": "5937180563", "datetime": "2017-01-04 18:02"},
{"name": "MasterVac Vacuum Cleaner 8 Gallon", "has_image": true, "url": "http://toronto.craigslist.org/tor/tls/5937183255.html", "has_map": true, "price": "$70", "geotag": null, "where": "Downtown", "id": "5937183255", "datetime": "2017-01-04 18:02"},
{"name": "Replacement Glass Digitizer For Samsung Galaxy Ace 2 II i816", "has_image": true, "url": "http://toronto.craigslist.org/tor/mob/5937174302.html", "has_map": true, "price": "$10", "geotag": null, "where": "Downtown", "id": "5937174302", "datetime": "2017-01-04 18:01"}]}
